01/10/1917,No.14 Canadian General Hospital (Establishment 520 beds) authorized.,10/9/1917
01/10/1917,Hospital temporarily staffed by Officers.,01/10/1917
01/10/1917,Nursing Sisters and Other Ranks carried on the Strength of No.10 Canadian Stationary Hospital.,01/10/1917
01/10/1917,LT.COL E.SEABORN MAJOR J.C.WILSON CAPTS. W.H.EAGAR A.E.RALEIGH E.H.YOUNG R.H.HENDERSON C.L.DOUGLAS C.P.JENTO J.B.HANLEY ROBT. HENDERSON C.H.V.SMITH and J.E.MCCORVIE Capts. W.E.JONES and V.E.LATER taken on the Strength from No.10 Canadian Stationary Hospital.,24/9/1917
01/10/1917,Lieut. A.M.JEFFERY and Hon. Lieut. Q.M. & A.H.COATES taken on the Strength from No.10 Canadian Stationary Hospital.,24/9/1917
01/10/1917,CAPT. J.O.BAKER taken on the Strength from C.A.M.C. Depot.,29/9/1917
01/10/1917,CAPTAINS M.C.WALLACE and J.MCKEE attached from C.A.M.C. Depot (for duty with Medical Board Seaford).,31/10/1917
01/10/1917,CAPTAINS T.J.MACDONALD and W.J.H.GOULD attached for Duty.,29/9/1917
01/10/1917,LT. COL. E.SEABORN granted Sick Leave from 26/9/1917 to 26/10/1917. MAJOR J.C.WILSON Acting Officer Commanding during this period.,01/10/1917
03/10/1917,CAPT. C.H.V.SMITH granted Leave of Absence from 03/10/1917 to 07/10/1917.,03/10/1917
11/10/1917,CAPT. W.H.EAGAR proceeded On Command to Granville Canadian Special Hospital in BUXTON.,11/10/1917
11/10/1917,CAPT. W.CURTIS attached from C.A.M.C. Depot.,11/10/1917
15/10/1917,CAPTAINS T.G.MACDONALD and J.G.R.STONE cease to be attached.,15/10/1917
17/10/1917,MATRON H.K.DULMAGE NURSING SISTERS F.COLLIER E.A.DAVIES A.HICKS O.K.ISMAY V.H.KEENE A.M.KENNEDY J.MACALLUM M.I.MACROBERTS G.MCCUE M.E.MALLARD E.ORME S.B.POHAM B.M.RICHARD L.I.THOMPSON A.K.WHITELY B.M.WILSON K.L.BOYDEN E.J.BOWIE J.CHRISHOLM N.M.FOREMAN G.FRAZER C.B.MCLEWAGHAN D.PELLATIER A.M.POWERS F.ROADHOUSE and M.TAIT and 140 Other Ranks taken on the Strength on posting from No.10 Canadian Stationary Hospital.,17/10/1917
17/10/1917,CAPT. W.CURTIS CAPT. J.L.MCLEAN HON. CAPT. C.H.MONTGOMERY attached for Duty from No.10 Canadian Stationary Hospital.,17/10/1917
17/10/1917,10 Other Ranks attached from No.10 Canadian Stationary Hospital.,17/10/1917
29/10/1917,25 Other Ranks taken on the Strength from C.A.M.C. Depot.,29/10/1917
29/10/1917,1 Other Rank ceases to be attached.,29/10/1917
31/10/1917,25 Other Ranks taken on the Strength from D.A.D.M.S. Shoreham.,31/10/1917
31/10/1917,11 Other Ranks struck off Strength.,31/10/1917
31/10/1917,10 other Ranks proceeded on Command to D.A.D.M.S. Seaford.,31/10/1917
01/11/1917,3 Other Ranks taken on the Strength.,01/11/1917
04/11/1917,3 Other Ranks stuck off the Strength.,04/11/1917
05/11/1917,1 Other Rank taken on the Strength.,05/11/1917
07/11/1917,Capt. A.W.HUNTER attached from C.A.M.C. Depot.,07/11/1917
03/11/1917,NURSING SISTERS F.M.ANDERSON and A.L.MCPHEE taken on the Strength from C.A.M.C. Depot.,03/11/1917
05/11/1917,NURSING SISTERS E.L.BOYDEN F.COLLIER and A.HICKS struck off the Strength on proceeding Overseas.,05/11/1917
06/11/1917,CAPTAIN C.L.DOUGLAS stuck off the Strength on posting to C.A.M.C. Depot.,06/11/1917
09/11/1917,CAPTAIN R.H.HENDERSON proceeded On Command to No.15 Canadian General Hospital TAPLOW.,09/11/1917
12/11/1917,Nursing Sister L.I.THOMSON stuck off the Strength to No.12 Canadian. General Hospital BRAMSHOTT.,12/11/1917
12/11/1917,Nursing Sister K.J.BOWIE and F.M.ROADHOUSE granted Leave from 12/11/1917 to 29/11/1917.,12/11/1917
14/11/1917,CAPT. R.HENDERSON stuck off the Strength to C.A.M.C. Depot.,14/11/1917
15/11/1917,Nursing Sisters K.L.Hibbs and J.JOHNSTON Struck off the Strength to No.5 Canadian. Gen. Hospital Liverpool.,15/11/1917
16/11/1917,Captain J.L.WALKER attached from C.A.M.C. Depot.,16/11/1917
17/11/1917,CAPTAIN A.E.FRALEIGH struck off the strength to C.A.M.C. Depot.,17/11/1917
19/11/1917,CAPTAIN C.P.JENTO struck off the Strength to C.A.M.C. Depot.,19/11/1917
21/11/1917,HON. CAPT. Q.M.and G.M.BROCK taken on the Strength to C.A.M.C. Depot.,21/11/1917
22/11/1917,Nursing Sister M.I.MACROBERTS struck off the Strength on proceeding Overseas.,22/11/1917
24/11/1917,1 Other Rank taken on the Strength.,24/11/1917
26/11/1917,1 Other Rank taken on the Strength.,26/11/1917
26/11/1917,Captains A.B.SIMES and A.E.WALKEY taken on the Strength.,26/11/1917
26/11/1917,Nursing Sisters J.H.BARRON and E.J.PATTERSON taken on the Strength from C.A.M.C. Depot.,26/11/1917
27/11/1917,Nursing Sister G.A.CONNOR taken on the Strength from No.16 Canadian. General Hospital.,27/11/1917
27/11/1917,1 Other Rank taken on the Strength from D.A.D.M.S. Seaford.,27/11/1917
28/11/1917,LT.COLONEL K.D.PANTON CAPTAINS C.D.HEWETT A.E.WOOD C.J.WHEATEN A.J.B.HEBERT LIEUT. W.C.PAGE NURSING SISTERS E.M.HOGAN L.E.BAKER M.LOWE M.MATTHEWS C.MCKAY K.J.LINDSAY M.MASON K.G.MILLER and H.M.B.ACTON and 69 other Ranks taken on the Strength. HON. CAPT. & CHAPLAIN J.K.TIBET‰ÛªS attached for Duty.,28/11/1917
28/11/1917,CAPTAIN W.H.EAGAR struck off the Strength to Granville Canadian Special Hospital in BUXTON.,28/11/1917
29/11/1917,LT. COLONEL K.D.PANTON assumes Command of No.15 Canadian General Hospital in EASTBOURNE.,29/11/1917
29/11/1917,LT. COLONEL E.SEABORN ceases to command No.14 Canadian General Hospital in EASTBOURNE.,29/11/1917
29/11/1917,LT.COLONEL E.SEABORN MAJOR J.C.WILSON CAPTAINS E.H.YOUNG R.H.HENDERSON A.B.SIMES C.J.WHEATEN A.J.HEBERT J.E.MCCORVIE A.E.WOOD J.L.WALKER A.E.WALKEY Q.M. & HON. CAPT. G.M.BROCK LIEUT. W.C.PAGE MATRON H.K.DULMAGE NURSING SISTERS H.M.B.ACTON M.MATTHEWS M.B.MONTEITH F.S.MUTCH M.MASON K.J.MILLER J.MACALLUM C.MCKAY D.PELLETIER B.M.RICHARD A.K.WHITELY B.M.WILSON G.WOODCOCK K.E.WHITE and 116 Other Ranks struck off the Strength on posting to No.10 Canadian Stationary Hospital.,29/11/1917
29/11/1917,HON.CAPT. & CHAPLAIN J.K.TIDBITS ceases to be attached on attachment to No.10 Canadian. Stat. Hospital.,29/11/1917
29/11/1917,1 Other Rank (C.A.D.C.) ceases to be attached on attachment to No.10 Canadian. Stationary Hospital.,29/11/1917
03/12/1917,Capt. K.C.Beer taken on the Strength from C.A.M.C. Depot.,02/12/1917
06/12/1917,1 Other Rank taken on the Strength.,06/12/1917
06/12/1917,Personnel of No.10 CANADIAN STATIONARY HOSPITAL COMPRISING 15 Officers.,05/12/1917
06/12/1917,118 Other Ranks cease to be attached for Rations and Quarters on proceeding Overseas.,05/12/1917
06/12/1917,16 NURSING SISTERS cease to be attached on proceeding to Basingstoke.,05/12/1917
06/12/1917,Capt. E.H.YOUNG attached from No.10 Canadian Stationary Hospital.,04/12/1917
06/12/1917,RSM CROWE C.W.taken on the Strength.,04/12/1917
06/12/1917,1 Other Rank taken on the Strength.,06/12/1917
06/12/1917,1 Other Rank attached from No.10 Canadian Stationary Hospital.,06/12/1917
06/12/1917,1 Other Rank attached from E.O.R.D. Seaford.,06/12/1917
10/12/1917,CAPT. C.B.KIDD taken on the Strength from C.A.M.C. Depot.,05/12/1917
10/12/1917,CAPTAINS O.J.S.LITTLE S.R.MCGREGOR taken on the strength from C.A.M.C. Depot.,06/12/1917
10/12/1917,4 Other Ranks taken on the Strength from C.A.M.C. Depot.,10/12/1917
10/12/1917,1 Other Rank attached from Canadian Convalescent Hospital in Bromley.,10/12/1917
10/12/1917,2 Other Ranks attached from C.A.P.C.,10/12/1917
14/12/1917,Major C.J.FYSCHE taken on the Strength from C.A.M.C.,08/12/1917
14/12/1917,CAPT. W.CURTIS ceases to be attached.,13/12/1917
14/12/1917,QM. & HON. CAPT. K.G.SERGEANT attached from C.A.M.C. Depot.,10/12/1917
14/12/1917,Matron H.K.DULMAGE NURSING SISTERS E.A.DAVIES N.M.FOREMAN W.H.KEENE J.MACALLUM K.M.MACDONALD G.MCCUE G.MCPHEE E.ORME D.PELLETIER S.B.POPHAM B.M.RICHARDS A.E.WHITELY B.M.,04/12/1917
14/12/1917,10 Other Rank struck off the Strength to C.A.M.C. Depot.,14/12/1917
14/12/1917,2 Other Ranks attached from C.E.T.D.,11/12/1917
19/12/1917,CAPT. C.MCMANE taken on the strength from C.A.M.C.,12/12/1917
19/12/1917,NURSING SISTER F.M.ANDERSON struck off the Strength to Headquarters.,15/12/1917
19/12/1917,CAPT. C.E.PRESTON attached from C.A.M.C. Depot.,13/12/1917
24/12/1917,NURSING SISTER A.M.KENNEDY Struck off the Strength to C.A.M.C. Depot.,18/12/1917
24/12/1917,CAPT. A.W.TREFRY attached from C.A.M.C. Depot.,21/12/1917
24/12/1917,CAPT. H.B.HETHERINGTON ATTACHED FROM C.A.M.C. Depot.,21/12/1917
24/12/1917,CAPT. A.W.HUNTER ceases to be attached.,21/12/1917
24/12/1917,2 Other Ranks struck off the Strength to C.A.M.C Depot.,21/12/1917
29/12/1917,MATRON J.CAMERON SMITH TAKEN ON the Strength from C.A.M.C. Depot.,26/12/1917
29/12/1917,NURSING SISTER B.M.WILSON taken on the strength from No.10 Canadian Stationary Hospital.,08/12/1917
4/1/1918,Captain J.B.SWINDON TAKEN ON THE Strength from C.A.M.C. Depot.,31/12/1917
4/1/1918,CAPTAIN C.B.KIDD appointed Acting Adjutant.,06/12/1917
4/1/1918,CAPTAIN C.E.PRESTON ceases to be attached.,2/1/1918
4/1/1918,1 Other Rank taken on the Strength.,3/1/1918
4/1/1918,1 Other Rank ceases to be attached.,1/1/1918
9/1/1918,Nursing Sister J.R.HAMILTON taken on the Strength from C.A.M.C. Depot.,3/1/1918
9/1/1918,Nursing Sister R.SCATCHERD taken on the strength from C.A.M.C. Depot.,8/1/1918
9/1/1918,Nursing Sisters V.WALKER V.E.PAGE F.HILL G.E.MATHESON M.I.L.REID M.E.MITCHELL TAKEN ON the Strength from C.A.M.C. Depot.,8/1/1918
9/1/1918,Nursing Sisters M.C.McCARTHY E.M.MacCUISH E.J.GUILD taken on the Strength.,8/1/1918
9/1/1918,CAPTAIN W.E.JONES ceases to be on Command at Summerdown Convalescent Camp and is Struck off the Strength on returning to C.A.M.C. Depot.,4/1/1918
9/1/1918,CAPTAIN V.E.LATIMER ceases to be on Command at D.D.D.M.S. Seaford.,4/1/1918
9/1/1918,Matron H.K.DULMAGE Nursing Sisters E.A.DAVIES N.M.FOREMAN V.H.KEENE J.MACALLUM K.M.MAC DONALD G.MCCUE G.MCPHEE E.ORME D.PELLETIER S.B.POPHAM B.M.RICHARD A.R.WHITELY cease to be attached.,8/1/1918
9/1/1918,2 Other Ranks struck off the Strength to C.A.M.C. Depot.,7/1/1918
9/1/1918,1 Other Rank attached from B.C.R.D.for Duty with Hospital Representative.,5/1/1918
9/1/1918,MAJOR C.McMANE admitted to Hospital 8/1/1918 - Appendicitis.,9/1/1918
16/1/1918,15 Other Ranks taken on the strength from C.A.M.C. Depot.,9/1/1918
16/1/1918,14 Other Ranks struck off the Strength.,16/1/1918
16/1/1918,1 Other Rank Struck off the Strength.,9/1/1918
16/1/1918,2 Other Ranks cease to be attached on returning to C.E.T.D. Seaford.,10/1/1918
16/1/1918,1 Other Rank ceases to be attached.,14/1/1918
16/1/1918,SGT. J.W.CHAMPION is granted permission to marry.,16/1/1918
16/1/1918,HON. CAPTAIN & Q.M.E.G. SERVANT taken on the Strength from C.A.M.C. Depot.,16/1/1918
16/1/1918,HON. SIR A.E.KEMP Canadian Overseas Minister of Militia inspected No.14 Canadian General Hospital Sunday.,13/1/1918
23/1/1918,CAPTAINS A.W.TREFRY and H.B.HETHERINGTON taken on the strength and cease to be attached from C.A.M.C. Depot.,18/1/1918
23/1/1918,Nursing Sisters J.R.ROBERTSON RRC. and K.deBELLEFEUILLE taken on the strength fro C.A.M.C. Depot.,21/1/1918
23/1/1918,Q.M. & HON. LIEUT. A.H.COATES struck off the strength to C.A.M.C. Depot and is attached.,15/1/1918
23/1/1918,LIEUT. A.M.JEFFREY PROMOTED to Temp. Captain.,09/12/1917
23/1/1918,Nursing Sister V.E.PAGE admitted Hospital.,16/1/1918
23/1/1918,1 Other Rank taken on the Strength from C.A.M.C. Depot.,20/1/1918
23/1/1918,2 Other Ranks taken on the strength from C.A.M.C. Depot.,19/1/1918
23/1/1918,5 Other Ranks taken on the strength from C.A.M.C. Depot.,22/1/1918
23/1/1918,1 Other Rank struck off the strength to CAMC. Depot.,19/1/1918
23/1/1918,2 Other Ranks struck off the strength to C.A.M.C. Depot.,22/1/1918
23/1/1918,5 Other Ranks struck off the strength to C.A.M.C. Depot.,23/1/1918
23/1/1918,1 Other Rank attached from C.A.S.C. Seaford.,16/1/1918
23/1/1918,1 Other Rank attached from B.C.Reg. No.8 for duty at Raven‰Ûªs Croft Military Hospital in Seaford.,23/1/1918
28/1/1918,CAPTAIN J.C.WICKHAM taken on the strength from C.A.M.C. Depot.,24/1/1918
28/1/1918,Nursing Sister E.M.MacKENZIE taken on the strength from C.A.M.C. Depot.,23/1/1918
28/1/1918,CAPTAIN J.B.HANLEY IS GRANTED Leave from 25/1/1918 to 29/1/1918.,28/1/1918
28/1/1918,Nursing Sister J.M.HUBLEY is granted Leave of Absence from 28/1/1918 to 12/2/1918.,28/1/1918
28/1/1918,5 Other Ranks taken on the strength from C.A.M.C. Depot.,28/1/1918
28/1/1918,9 Other Ranks struck off the strength to C.A.M.C. Depot and attached for duty at D.A.D.M.S. Seaford.,9/1/1918
31/1/1918,Nursing Sister N.B.MacNEILL taken on the strength from C.A.M.C. Depot.,28/1/1918
31/1/1918,CAPTAIN L.J.SEBERT attached from C.A.M.C. Depot.,28/1/1918
31/1/1918,Nursing Sister E.H.Kirkby admitted Hospital - Malaria Relapse.,28/1/1918
31/1/1918,2 Other Ranks struck off the strength to C.A.M.C. Depot.,29/1/1918
31/1/1918,1 Other Rank attached from C.A.S.C. Seaford.,29/1/1918
31/1/1918,1 Other Rank ceases to be attached on returning to C.A.S.C. Seaford.,29/1/1918
31/1/1918,Pte. Pogson J.is granted permission to marry.,1/2/1918
7/2/1918,CAPTAIN A.M.JEFFREY struck off the strength to C.A.M.C. Depot.,7/2/1918
7/2/1918,NURSING SISTER E.W.MacKENZIE struck off the strength to C.A.M.C. Depot.,3/2/1918
7/2/1918,LIEUT. J.D.MOORE attached from No.1 Canadian General Laboratory in Folkestone.,30/1/1918
7/2/1918,LIEUT. A.P.ROSS attached from C.A.M.C. Depot.,7/2/1918
7/2/1918,One Other Rank taken on the strength from C.A.M.C. Depot.,29/1/1918
7/2/1918,One Other Rank attached from No.1 Canadian General Laboratory in Folkestone.,30/1/1918
7/2/1918,Three other ranks attached from C.E.R.D.for quarters and Rations.,4/2/1918
7/2/1918,Three other ranks attached from C.E.T.D..,4/2/1918
7/2/1918,Three members of V.A.D.cease to be attached on returning to HQ London.,4/2/1918
13/2/1918,NURSING SISTERS I.G.McLEOD AND G.R.TANNER taken on the strength.,9/2/1918
13/2/1918,Captain J.C.WICKHAM promoted to MAJOR.,15/1/1918
13/2/1918,Eleven other ranks taken on the strength on posting from C.A.M.C. Depot.,12/2/1918
13/2/1918,One other rank attached for rations.,6/2/1918
13/2/1918,Three other Ranks cease to be attached for rations and quarters from C.E.T.D..,11/2/1918
13/2/1918,One other Rank ceases to be attached from C.A.S.C. Seaford.,7/2/1918
13/2/1918,One other Rank ceases to be attached from C.A.S.C. Seaford.,13/2/1918
13/2/1918,One other Rank ceases to be attached on attachment to Canadian Trench Warfare School in Bexhill.,11/2/1918
13/2/1918,L.Earwaker V.A.D.attached for employment.,11/2/1918
19/2/1918,One other Rank taken on the strength from C.A.M.C. Depot.,15/2/1918
19/2/1918,One other Rank taken on the strength from C.A.M.C. Depot.,18/2/1918
19/2/1918,Thirty Four Other Ranks taken on the strength from C.A.M.C. Depot.,18/2/1918
19/2/1918,Twenty Three Other Ranks Struck off the strength to C.A.M.C. Depot.,18/2/1918
19/2/1918,One other Rank attached from C.A.S.C. Seaford.,13/2/1918
19/2/1918,One other Rank attached from C.A.D.C..,13/2/1918
19/2/1918,LIEUT. J.D.MOORE promoted to CAPTAIN.,6/2/1918
19/2/1918,CAPTAINS L.J.SEBERT AND J.D.MOORE taken on the strength from C.A.M.C. Depot.,31/2/1918
19/2/1918,NURSING SISTERS E.L.LeROY and F.H.McNALLY taken on the strength.,22/2/1918
26/2/1918,NURSING SISTER A.A.CABSCALLEN taken on the strength.,23/2/1918
26/2/1918,NURSING SISTER F.M.BOCKEN taken on the strength.,23/2/1918
26/2/1918,NURSING SISTER H.C.McDONALD taken on the strength.,25/2/1918
26/2/1918,NURSING SISTER M.B.MacNEILL struck off the strength to C.A.M.C. Depot.,22/2/1918
26/2/1918,NURSING SISTER B.H.WILSON STRUCK OFF THE STRENGTH to C.A.M.C. Depot.,23/2/1918
26/2/1918,NURSING SISTER K.J.BOWIE struck off the strength to C.A.M.C. Depot.,20/2/1918
26/2/1918,NURSING SISTER C.B.McLEWAGHAN struck off the strength to C.A.M.C. Depot.,24/2/1918
26/2/1918,CAPTAIN E.H.YOUNG ceases to be attached on return to C.A.M.C. Depot.,20/2/1918
26/2/1918,Two other ranks attached from C.A.S.C. Seaford.,21/2/1918
26/2/1918,Two Other Ranks cease to be attached for rations.,16/2/1918
26/2/1918,One other rank ceases to be attached on return to C.A.M.C. Depot.,23/2/1918
28/2/1918,NURSING SISTER S.J.ROBLEY taken on the strength from C.A.M.C. Depot.,27/2/1918
28/2/1918,LIEUT. A.P.ROSS ceases to be attached on return to C.A.M.C. Depot.,27/2/1918
5/3/1918,Major G.S.STRATHY taken on the strength from C.A.M.C. Depot.,26/2/1918
5/3/1918,NURSING SISTER E.M.ASTON taken on the strength to C.A.M.C. Depot.,2/3/1918
5/3/1918,MAJOR C.McMANES struck off the strength to C.A.M.C. Depot.,26/2/1918
5/3/1918,NURSING SISTER E.H.KIRKBY STRUCK off the struck to C.A.M.C. Depot.,18/2/1918
5/3/1918,Nursing Sister M.Tait granted leave from 13/2/1918 until 27/2/1918.,5/3/1918
5/3/1918,Nursing Sister O.K.Ismay Granted leave from 2/3/1918 until 8/3/1918.,5/3/1918
5/3/1918,One other rank attached from C.A.S.C. Seaford.,28/2/1918
5/3/1918,One Other Rank attached from C.E.T.D. Seaford.,27/2/1918
5/3/1918,One other Rank attached from C.A.S.C. Seaford.,2/3/1918
5/3/1918,One other Rank ceases to be attached from C.A.S.C. Seaford.,28/2/1918
5/3/1918,One Other Rank ceases to be attached from C.E.T.D. Seaford.,27/2/1918
5/3/1918,One other Rank ceases to be attached from C.A.S.C. Seaford.,2/3/1918
12/3/1918,QM. & HON. LIEUT. A.H.COATES taken on the strength from C.A.M.C. Depot.,6/3/1918
12/3/1918,NURSING SISTER D.D.MORRIS taken on the strength from C.A.M.C. Depot.,11/3/1918
12/3/1918,Two Other Ranks struck off the strength to C.A.M.C. Depot.,6/3/1918
12/3/1918,Two Other Ranks struck off the strength to C.A.M.C. Depot.,11/3/1918
19/3/1918,MAJOR C.A.YOUNG taken on the strength from C.A.M.C. Depot.,12/3/1918
19/3/1918,NURSING SISTER E.J.BOWIE taken on the strength from C.A.M.C. Depot.,18/3/1918
19/3/1918,QM. & HON. LIEUT. A.H.COATES struck off the strength to C.A.M.C. Depot.,13/3/1918
19/3/1918,NURSING SISTER F.M.HOCKEN struck off the strength to C.A.M.C. Depot.,18/3/1918
19/3/1918,CAPTAIN J.O.BAKER granted leave from 19/3/1918 until 29/3/1918.,19/3/1918
19/3/1918,Two other ranks struck off the strength to C.A.M.C. Depot.,15/3/1918
26/3/1918,NURSING SISTER C.E.PELL taken on the strength from C.A.M.C. Depot.,15/3/1918
26/3/1918,NURSING SISTER O.K.ISMAY struck off the strength to C.A.M.C. Depot.,15/3/1918
26/3/1918,NURSING SISTER J.M.HUBLEY struck off the strength to C.A.M.C. Depot.,14/3/1918
26/3/1918,NURSING SISTER M.E.MAILLARD GRANTED LEAVE FROM 21/3/1918 until 28/3/1918.,26/3/1918
26/3/1918,Two other ranks attached from C.E.R.D. Seaford.,22/3/1918
26/3/1918,One other rank ceases to be attached from C.A.P.C.,21/3/1918
6/4/1918,Eastbourne. - Qm. & Hon. LT. G.A.J.Bell attached from C.A.M.C. Depot.,29/3/1918
6/4/1918,CAPTAINS J.McKEE AND N.C.WALLACE CEASE TO BE ATTACHED.,1/4/1918
6/4/1918,NURSING SISTERS J.H.ROBERTSON RRC. AND K.deBELLEFEUILLE granted leave from 9/4/1918 to 26/4/1918.,6/4/1918
6/4/1918,Four other ranks cease to be attached.,1/4/1918
6/4/1918,One other rank is attached from C.E.T.D.,1/4/1918
10/4/1918,NURSING SISTER E.M.KIRKBY taken on the strength from C.A.M.C. Depot.,9/4/1918
10/4/1918,CAPTAIN S.R.McGREGOR struck off the strength to C.A.M.C. Depot.,9/4/1918
10/4/1918,NURSING SISTERS G.FRAZER and R.A.McCLELLAND struck off the strength on posting to Granville Canadian Special Hospital in Buxton.,8/4/1918
10/4/1918,Two other ranks struck off the strength to C.A.M.C. Depot.,8/4/1918
10/4/1918,Twenty two other ranks struck off the strength and attached for instruction from C.A.M.C.D.,8/4/1918
10/4/1918,Seven other ranks cease to be attached on posting to D.A.D.M.S. Seaford.,6/4/1918
17/4/1918,CAPTAIN A.D.IRVINE taken on the strength from C.A.M.C. Depot.,9/4/1918
17/4/1918,NURSING SISTERS E.WALSH A.C.C.DEWOLFE D.M.A.BARREL L.E.REYNOLDS taken on the strength from C.A.M.C. Depot.,10/4/1918
17/4/1918,NURSING SISTER A.M.POWERS struck off the strength to C.A.M.C. Depot.,11/4/1918
24/4/1918,NURSING SISTERS F.HILL and M.E.MITCHELL struck off the strength to C.A.M.C. Depot.,20/4/1918
24/4/1918,One other rank taken on the strength from C.A.M.C. Depot.,18/3/1918
24/4/1918,One other rank struck off the strength on invaliding to Canada.,12/4/1918
24/4/1918,One other rank attached from C.A.P.C.,19/3/1918
24/4/1918,One V.A.D.attached for employment as waitress.,19/3/1918
24/4/1918,One V.A.D.attached for employment as assistant Cook.,23/4/1918
30/4/1918,QM. & HON. LT. MacDONALD TAKEN ON THE STRENGTH from C.A.M.C. Depot.,25/4/1918
30/4/1918,NURSING SISTERS R.L.GALLOWAY and E.G.Galloway taken on the strength from C.A.M.C. Depot.,25/4/1918
30/4/1918,NURSING SISTER G.J.CONNER struck off the strength to C.A.M.C. Depot.,27/4/1918
30/4/1918,QM. & HON. CAPT. K.G.SERGEANT granted leave from 25/4/1918 to 5/5/1918.,30/4/1918
30/4/1918,Twenty other ranks taken on the strength from C.A.M.C. Depot.,26/4/1918
30/4/1918,Seven other ranks attached from Depot No.6 Seaford as permanent Hospital Guard.,30/4/1918
30/4/1918,Central Hospital at Eastbourne and the Seaford Auxiliaries were inspected by Major-General G.L.Foster D.M.S.and Colonel N.A.Chisholm A.D.M.S.,16/4/1918
7/5/1918,CAPTAIN R.G.MOFFAT taken on the strength.,3/5/1918
7/5/1918,CAPTAIN J.B.HANLEY struck off the strength to C.A.M.C. Depot.,2/5/1918
7/5/1918,NURSING SISTER J.CHRISHOLM struck off the strength to C.A.M.C. Depot.,14/5/1915
7/5/1918,NURSING SISTERS G.E.MATHESON and V.E.PAGE struck off the strength to C.A.M.C. Depot.,7/5/1918
7/5/1918,One other Rank taken on the strength.,28/4/1918
7/5/1918,One Other Rank attached as plumber from C.E.R.D.,30/4/1918
14/5/1918,One Other Rank sentenced by District Court Martial to undergo a period of detention of 9 months 30/4/1918. Confirmed.,4/5/1918
14/5/1918,NURSING SISTERS L.J.FIFE and M.B.MacNEILL taken on the strength from C.A.M.C. Depot.,10/5/1918
14/5/1918,Q.M. & Hon. CAPTAIN K.G.SERGEANT struck off the strength to C.A.M.C. Depot.,10/5/1918
14/5/1918,NURSING SISTERS R.L.GALLOWAY and A.G.GALLOWAY struck off the strength to C.A.M.C. Depot.,11/5/1918
14/5/1918,NURSING SISTER K.J.BOWIE struck off the strength to C.A.M.C. Depot.,13/5/1918
14/5/1918,MAJOR C.A.YOUNG proceeded on Command to No.15 Canadian General Hospital in Taplow.,13/5/1918
14/5/1918,One other rank struck off the strength to C.A.M.C. Depot.,13/5/1918
21/5/1918,CAPTAINS J.A.YOUNG and R.C.HASTINGS taken on the strength from C.A.M.C. Depot.,15/5/1918
21/5/1918,NURSING SISTERS M.S.MORRISON and I.S.FARGEY taken on the strength from C.A.M.C. Depot.,14/5/1918
21/5/1918,CAPTAIN R.C.HASTINGS proceeded on Command to 18th Canadian Reserve Bn.,15/5/1918
21/5/1918,CAPTAIN J.A.YOUNG PROCEEDED ON Command to C.M.C.Depot Seaford 15/5/1918 to Headquarters Seaford.,20/5/1918
21/5/1918,One Other Rank struck off the strength to C.A.M.C. Casualty. Depot.,4/5/1918
21/5/1918,One Other Rank struck off the strength to C.A.M.C. Depot.,9/5/1918
21/5/1918,One Other Rank struck off the strength to C.A.M.C. Depot.,20/4/1918
21/5/1918,One V.A.D.attached as Assistant Cook.,16/5/1918
21/5/1918,One Other Rank ceases to be attached for rations.,9/5/1918
21/5/1918,One V.A.D.attached as assistant cook.,14/5/1918
21/5/1918,Fourteen Other Ranks cease to be attached on return to the C.A.M.C. Depot.,18/5/1918
26/5/1918,NURSING SISTER F.M.ROADHOUSE struck off the strength to Granville Canadian. Special. Hospital in Buxton.,22/5/1918
26/5/1918,NURSING SISTER M.E.MAILLARD struck off the strength to C.A.M.C. Depot.,23/5/1918
26/5/1918,MAJOR C.A.YOUNG returned from Command.,25/5/1918
26/5/1918,One Other Rank attached to Hospital Representative Staff.,22/5/1918
31/5/1918,NURSING SISTER M.M.CONNING taken on the strength from C.A.M.C. Depot.,25/5/1918
31/5/1918,NURSING SISTERS B.M.MOLE and M.W.MILLER taken on the strength from C.A.M.C. Depot.,29/5/1918
31/5/1918,One Other Rank taken on the Strength from C.A.M.C. Depot.,29/5/1918
31/5/1918,One Other Rank struck off the strength to C.A.M.C. Depot.,27/5/1918
31/5/1918,One Other Rank struck off the strength to No.15 Canadian. Gen. Hosp. Taplow.,29/5/1918
31/5/1918,One V.A.D.attached as assistant cook.,28/5/1918
31/5/1918,MATRON-IN-CHIEF McDONALD inspected the Central Hospital at Eastbourne and the auxiliaries at Seaford.,23/2/1918
31/5/1918,MATRON ROSS inspected the Eastbourne Hospital.,23/5/1918
7/6/1918,NURSING SISTER J.H.ROBERTSON ARRC. struck off the strength to No.16 C.G.H.Taplow.,1/6/1918
7/6/1918,One Other Rank taken on the strength from No.15 C.G.H.,3/6/1918
7/6/1918,One Other Rank struck off the strength to C.A.M.C. Casualty Depot.,4/6/1918
14/6/1918,CAPTAIN W.G.LYALL taken on the strength from No.3 Canadian C.C.S.,6/6/1918
14/6/1918,NURSING SISTERS L.C.SANDERS and E.MONTGOMERY taken on the strength from C.A.M.C. Depot.,10/6/1918
14/6/1918,NURSING SISTERS J.H.BARRON and E.J.PATERSON Struck off the Strength to Granville School of Massage in Buxton.,14/6/1918
14/6/1918,One other Rank struck off the strength to C.A.M.C. Casualty Depot.,14/6/1918
20/6/1918,NURSING SISTER E.A.BENNETT taken on the strength from C.A.M.C. Depot.,14/6/1918
20/6/1918,Bed Capacity increased to 661 beds.,22/2/1918
27/6/1918,CAPTAIN W.F.COY taken on the strength from No.2 C.G.H..,19/6/1918
27/6/1918,CAPTAIN V.E.LATIMER struck off the strength to C.A.M.C. Depot.,20/6/1918
27/6/1918,NURSING SISTER E.H.KIRKBY struck off the strength to No.12 C.G.H.,21/6/1918
27/6/1918,One Other Rank taken on the strength from C.A.M.C. Depot.,24/6/1918
27/6/1918,One Other Rank struck off the strength to C.A.M.C. Casualty Depot.,22/6/1918
30/6/1918,NURSING SISTER E.K.MOODY and A.M.POWERS taken on the strength from C.A.M.C. Depot.,29/6/1918
30/6/1918,NURSING SISTER deBELLEFEUILLE awarded Royal Red Cross 2nd. Class.,30/6/1918
30/6/1918,HON. ARTHUR MEIGHEN Minister of Interior Hon. J.A.CALDER Minister of Colonization and Immigration BRG. GEN. H.F.MACDONALD visited this Hospital.,16/6/1918
30/6/1918,MATRON I.A.CAINS representing the MATRON-IN-CHIEF inspected this Hospital.,29/6/1918
6/7/1918,One Other rank struck off the strength to C.A.M.C. Casualty Depot.,4/7/1918
6/7/1918,One other rank struck off the strength to C.A.M.C. Regimental Depot.,6/7/1918
12/7/1918,NURSING SISTER M.S.P.ELLIS ARRC. taken on the strength from C.A.M.C. Regimental Depot.,10/7/1918
12/7/1918,NURSING SISTER M.TAIT struck off the strength on proceeding overseas.,11/7/1918
12/7/1918,Twelve other ranks taken on the strength from C.A.M.C. Regimental Depot.,10/7/1918
12/7/1918,Twelve Other Ranks struck off the strength from C.A.M.C. Regimental Depot.,10/7/1918
12/7/1918,Twelve Other ranks attached from Regimental Depots in Seaford.,6/7/1918
12/7/1918,Twelve Other ranks cease to be attached from Regimental Depots in Seaford.,6/7/1918
12/7/1918,Four Other ranks attached from Regimental Depots in Seaford.,11/7/1918
12/7/1918,One Other rank ceases to be attached on return to C.A.M.C.Reserve and Training Depot.,9/7/1918
18/7/1918,NURSING SISTER N.N.STEVEN SON taken on the strength from No.3 C.C.B.,18/7/1918
25/7/1918,NURSING SISTER A.CANNING taken on the strength from C.A.M.C. Regimental Depot.,23/7/1918
25/7/1918,CAPTAIN K.C.BEER struck off the strength to C.A.M.C. Casualty Depot.,20/7/1918
31/7/1918,MAJOR L.L.REFORD taken on the strength from C.A.M.C. Regimental Depot.,28/7/1918
31/7/1918,CAPTAIN C.B.BENETT struck off the struck on attachment to C.T.B. in Bexhill.,29/7/1918
31/7/1918,Q.M. & HON. LIEUT. J.A.MCDONALD struck off the strength to No.13 Canadian General Hospital in Hastings.,30/7/1918
31/7/1918,Q.M. & HON. CAPTAIN J.WALLACE Attached from No.13 Canadian General Hospital in Hastings.,30/8/1918
31/7/1918,One Other rank taken on the strength from C.A.M.C. Depot.,25/7/1918
31/7/1918,EIGHT Other ranks struck off the strength to C.A.M.C.Training and Reserve Depot.,29/7/1918
7/8/1918,J.M.WALLACE taken on the strength from No.13 Canadian. Gen. Hosp.,30/8/1918
7/8/1918,Major J.N.McPhedran taken on the strength from No.13 Canadian. Gen. Hosp.,7/8/1918
7/8/1918,Captain C.J.S.Little struck off the strength to C.A.M.C.Reserve and Training Depot.,1/8/1918
7/8/1918,Captain W.G.Lyall struck off the strength to No.13 Canadian. Gen. Hosp.,6/8/1918
7/8/1918,One other rank taken on the strength from C.A.M.C.Reserve and Training Depot.,2/8/1918
7/8/1918,Eight other ranks attached from Regimental Depots Seaford.,6/8/1918
14/8/1918,Nursing Sister A.J.MacEwen taken on the strength from C.A.M.C. Regimental Depot.,8/8/1918
14/8/1918,Nursing Sister G.J.Conner taken on the strength from C.A.M.C. Regimental Depot.,9/8/1917
14/8/1918,Nursing Sister A.R.Walker and L.Walker taken on the strength from C.A.M.C. Regimental Depot.,13/8/1918
14/8/1918,Major G.S.Strathy struck off the strength to No.16 Canadian. Gen. Hosp.,9/8/1918
14/8/1918,One other rank struck off the strength to C.A.M.C. Regimental Depot.,10/8/1918
20/8/1918,Captain T.A.Lobbetter taken on the strength from C.A.M.C. Regimental Depot.,14/8/1918
20/8/1918,Five other ranks attached from Regimental Depots Seaford.,15/8/1918
27/8/1918,One other rank taken on the strength from C.A.M.C.Reserve and Training Depot.,25/8/1918
27/8/1918,Temp. Major C.A.Young to be Temp. Lt. Col. from 12/3/1918. London Gasette.,22/8/1918
31/8/1918,Eight other ranks taken on the strength from C.A.M.C. Reserve and Training Depot on transfer from Regimental Depots in Seaford to C.A.M.C.,30/8/1918
31/8/1918,Major Gen. Foster C.B.D.G.M.S. Col. Watt A.D.M.S.and Lt.Col. Dickson inspected this Hospital and Seaford Auxiliaries.,17/8/1918
31/8/1918,Lt.Col. Bell A.M.D.S. inspected this Hospital and Seaford Auxiliaries.,29/8/1918
6/9/1918,LT.COL.C A.YOUNG struck off the strength to C.A.M.C. Regimental Depot.,9/8/1918
6/9/1918,NURSING SISTER M.G.MORRISON struck off the strength to C.A.M.C. Regimental Depot.,2/9/1918
6/9/1918,One Other Rank taken on the strength from C.A.M.C.reserve and Training Dept.,4/9/1918
6/9/1918,Two Other Ranks struck off the strength to C.A.M.C. Regimental Depot.,3/9/1918
13/9/1918,CAPTAIN A.E.FRALEIGH taken on the strength from C.A.M.C.Reserve and Training Depot.,1/9/1918
13/9/1918,CAPTAINS G.C.LIVERSTONE and D.S.MacLENNAN taken on the strength from C.A.M.C.Reserve and Training Depot.,6/9/1918
13/9/1918,CAPTAINS J.A.YOUNG and R.C.Hastings struck off the strength to C.A.M.C. Regimental Depot.,4/9/1919
13/9/1918,Lient.H.W.Street attached from P.P.C.R.C.Hospital.,6/9/1918
13/9/1918,CAPTAIN G.C.LIVERSTONE on Command to C.E.T.C. Seaford.,6/9/1918
13/9/1918,Captain D.S.MacLENNAN On Command to 3rd. C.C.D. Seaford.,6/9/1918
13/9/1918,One Other Bank struck off the strength to C.A.M.C.Reserve and Training Depot.,9/9/1918
13/9/1918,One Other Bank struck off the strength to C.A.M.C. Regimental Depot.,13/9/1918
18/9/1918,NURSING SISTER M.HODGE taken on the strength to No.5 Canadian General Hospital.,16/9/1918
18/9/1918,CAPTAIN T.A.LEBRETTER struck off the strength to Granville Canadian Special Hospital in Buxton.,16/9/1918
18/9/1918,NURSING SISTER I.G.McLEOD struck off the strength to C.A.M.C. Regimental Depot.,19/9/1918
18/9/1918,Twelve Other Ranks taken on the strength from C.A.M.C.Reserve and Training Depot.,14/9/1918
18/9/1918,Four Other Ranks taken on the strength from C.A.M.C.Reserve and Training Depot.,16/9/1918
18/9/1918,One Other Rank struck off the strength to C.A.M.C. Regimental Depot.,16/9/1918
18/9/1918,One Other Rank(Hospital Representative) ceases to be attached.,16/9/1918
25/9/1918,NURSING SISTER N.M.DAUGHARTY taken on the strength from C.A.M.C. Regimental Depot.,18/9/1918
25/9/1918,NURSING SISTERS J.GLENDINNING and F.E.McCallum taken on the strength from C.A.M.C. Regimental Depot.,23/9/1918
25/9/1918,NURSING SISTER L.WALKER struck off the strength to C.A.M.C REGIMENTAL Depot.,20/9/1918
25/9/1918,One Other Rank taken on the strength from C.A.M.C.Reserve and Training Depot.,23/9/1918
25/9/1918,One Other Rank struck off the strength to P.P.C.R.C.Hospital.,2/9/1918
25/9/1918,One Other Rank struck off the strength and attached from C.A.M.C.reserve and Training Depot.,8/4/1918
30/9/1918,One V.A.D.attached for employment as Cook(Assistant) from V.A.D.Headquarters.,18/9/1918
30/9/1918,Matron D.J.Willoughby taken off the strength from No.7 Canadian General Hospital.,24/9/1918
30/9/1918,Matron J.Cameron Smith struck off the strength to No.13 Canadian General Hospital.,24/9/1918
30/9/1918,Nursing Sister H.C.MacDonald struck off the strength to Granville Canadian Special Hospital in Buxton.,27/9/1918
30/9/1918,Col.Watt A.D.M.S. Seaford inspected this Hospital and Seaford Auxiliaries.,18/9/1918
07/10/1918,LT.COL.C.A.YOUNG taken on the strength from C.A.M.C. Regimental Depot.,29/9/1918
07/10/1918,NURSING SISTER B.A.FRY taken on the strength from C.A.M.C.R.A T.Depot.,01/10/1918
07/10/1918,NURSING SISTERS E.J.GUILD E.M.MacCUISH V.WALKER struck off the strength to No.13 C.G.H.,07/10/1918
07/10/1918,NON.CAPT.& Q M.E.J.THURGAR attached from Brenley Cenvalessent Hospital.,30/9/1918
07/10/1918,"One Other Rank struck off the strength to C.A.M.C. Casualty Coy. ""on account of being a casualty for 21 days.""",01/10/1918
07/10/1918,"One Other Rank struck off the strength to C.A.M.C. Casualty Coy. ""on account of being a casualty for 21 days.""",06/10/1918
07/10/1918,One Other Rank struck off the strength to C.A.M.C.R. & T.Depot and attached for instruction.,5/8/1918
14/10/1918,CAPTAIN W.CURTIS taken on the strength from C.A.M.C. Regimental Depot.,12/10/1918
14/10/1918,NURSING SISTER H.F.Gillean taken on the strength from C.A.M.C. Regimental Depot.,08/10/1918
14/10/1918,NURSING SISTER F.M.McNALLY struck to No.15 C.G.H.,08/10/1918
14/10/1918,"NURSING SISTER M.E.DAUGHARTY struck off the strength to .M.A.T. ""ARAGUATA"".",11/10/1918
14/10/1918,NURSING SISTER M.E.GRIERSON struck off the strength on proceeding overseas.,14/10/1918
14/10/1918,One Other Rank taken on the strength from C.A.M.C.R.A T.Depot.,08/10/1918
14/10/1918,Two Other Ranks taken on the strength from Brenley Convalescent Hospital.,11/10/1918
21/10/1918,CAPTAIN O.E.FARLEY taken on the strength from C.A.M.C. Casualty Coy.,08/10/1918
21/10/1918,CAPTAIN J.W.BARNETT taken on the strength from C.A.M.C.R. & T.Depot.,15/10/1918
21/10/1918,NURSING SISTERS R.M.CORNETT and F.H.McLEOD taken on the strength from C.A.M.C.R. & T.depot.,10/10/1918
21/10/1918,NURSING SISTER A.G.LUKE taken on the strength from Granville Canadian Special Hospital.,14/10/1918
21/10/1918,NURSING SISTER M.C.KERR taken on the strength from Bearwood Convalescent Hospital.,17/10/1918
21/10/1918,NURSING SISTER E.B.BIGGAR taken on the strength from No.10 C.G.H.,17/10/1918
21/10/1918,NURSING SISTER M.C.Claxton taken on the strength from No.10 C.G.H.,19/10/1918
21/10/1918,CAPTAIN W.CURTIS struck off the strength to C.A.M.C. Casualty Coy.,19/10/1918
21/10/1918,NURSING SISTER M.C.KERR struck off the strength on proceeding overseas.,18/10/1918
21/10/1918,Fifteen Other Ranks taken on the strength from C.A.M.C.T. & T.Depot.,19/10/1918
21/10/1918,"One Other Rank struck off the strength to C.A.M.C. Casualty Coy. ""on account of being a casualty for 21 days.""",19/10/1918
21/10/1918,One Other Rank struck off the strength to C.A..M.C.R.A. & T.Depot and is attached for instruction.,17/10/1918
28/10/1918,CAPTAINS A.E.PERRY and W.F.KENNEY taken on the strength from No.5 C.G.H.,20/10/1918
28/10/1918,CAPTAIN O.F.EASTMAN taken on the strength from C.S.M.Etching hill.,21/10/1918
28/10/1918,CAPTAIN A.H.WALLACE taken on the strength from C.A.M.C.R. & T.Depot.,24/10/1918
28/10/1918,NURSING SISTER E.J.JOHNSTON and K.M.OLIVER taken on the strength from No.11 C.G.M.,22/10/1918
28/10/1918,NURSING SISTERS L.CAMPBELL and L.M.GRAY taken on the strength from C.A.M.C.R. & T.DEPOT.,24/10/1918
28/10/1918,NURSING SISTER C.R.TANNER taken on the strength from C.A.M.C.R. & T.Depot.,24/10/1918
28/10/1918,NURSING SISTER C.R.TANNER struck off the strength on proceeding on transport duty.,28/10/1918
28/10/1918,One Other Rank taken on the strength from No.1 Central.,28/3/1918
28/10/1918,Six Other Ranks taken on the strength from C.A.M.C.R. & T.Depot.,26/10/1918
28/10/1918,Six Other Ranks attached from Regimental Depot in Seaford.,27/10/1918
28/10/1918,One member of V.A.D.ceases to be attached on discharge on compassionate grounds.,28/10/1918
28/10/1918,Bed Capacity increased by taking over the following over the following huts as annexes to Ravenscroft Hospital - Church Army Hut - 50 beds. Y.M.C.A. Hut - 60 beds.,28/10/1918
31/10/1918,CAPTAIN A.B.IRVINE struck off the strength on proceeding on transport duty.,31/10/1918
31/10/1918,One other Rank having died is struck off the strength.,31/10/1918
02/10/1918,About twenty of the Nursing Sisters attended a dance at Seaford and report an enjoyable time.,02/10/1918
05/10/1918,The fortnightly dance was held in the Sisters' Mess.,05/10/1918
07/10/1918,Sisters' old quarters - Cubicles - opened for patients as an annex to Cl.ward.,07/10/1918
08/10/1918,"A great many patients on the dangerously ill list an epidemic of ""Flu"" being prevalent among the troops.",08/10/1918
10/10/1918,The A.D.M.S.visited the Hospital and asked that seven Sisters be sent to Seaford Annexes.,10/10/1918
10/10/1918,Two Sisters went to Ravenscroft on Night Duty.,10/10/1918
13/10/1918,Two Sisters went to Ravenscroft on Day Duty travelling back and forth to the Sisters' quarters here by ambulance no billets being available.,13/10/1918
16/10/1918,One Sister went to Ravenscroft on Day Duty.,16/10/1918
20/10/1918,One Sister went to Ravenscroft on duty two more Huts having been opened to accomodate the overflow of sick the serious cases being immediately transferred to the Main Hospital at Eastbourne.,20/10/1918
20/10/1918,A.D.M.S.Orders - Sick Officers must be accomodated if necessary.,20/10/1918
21/10/1918,Col.Blatlock was a welcome visiter meeting at once an emergency - Extras for Officers and sick man.,21/10/1918
23/10/1918,Visited by the Matron-in-Chief O.M.F.C.,23/10/1918
23/10/1918,Billets have been arranged for Six Sisters - they drawing rations and missing in the Mess as usual.,23/10/1918
24/10/1918,The epidemic still raging - many deaths.,24/10/1918
24/10/1918,The health of the Nursing Sisters is good.,24/10/1918
24/10/1918,The accomodation for the Nursing Sisters is Fair.,24/10/1918
07/11/1918,NURSING SISTER A.HOWARD A.HOWARD taken on the strength from No.9 C.G.H.,31/10/1918
07/11/1918,CAPTAIN A.E.FRALEIGH struck off the strength to No.13 C.G.H.,01/11/1918
07/11/1918,CAPTAIN C.H.V.SMITH Died.,01/11/1918
07/11/1918,TWO other Ranks taken on the strength from No.12 C.G.H.,05/11/1918
07/11/1918,One Other Rank Died.,07/11/1918
07/11/1918,One other rank struck off the strength to C.A.M.C. Casualty Coy.,05/11/1918
14/11/1918,CAPTAIN M.BEATON taken on strength from No.13 C.G.H.,08/11/1918
14/11/1918,CAPTAIN D.W.MORRISON taken on strength from C.A.M.C.Reserve and Training Depot.,08/11/1918
14/11/1918,NURSING SISTER M.HALL taken on the strength from C.A.M.C. Casualty Coy.,09/11/1918
14/11/1918,NURSING SISTER J.S.LITTLE taken on the strength from No.12 C.G.M.,13/11/1918
14/11/1918,NURSING SISTERS L.A.CHARLTON O.L.CLARK E.R.HATHAWAY H.HUTCHINS and K.M.LEONARD taken on strength from C.A.M.C. Casualty Coy.,13/11/1918
14/11/1918,CAPTAINS J.O.BAKER J.D.MOORE and L.J.SEBERT struck off the strength to C.A.M.C.R & T.Depot.,11/11/1918
14/11/1918,One Other Rank struck off the strength to C.A.M.C. Casualty Coy.,10/11/1918
14/11/1918,One Other Rank struck off the strength to C.A.M.C.R. & T.Depot.,11/11/1918
14/11/1918,Four Other Ranks cease to be attached on return to C.A.M.C.R. & T.Depot.,10/11/1918
21/11/1918,CAPTAINS W.C.ALLISON and H.S.TAIT taken on the strength from C.A.M.C.R. & T.Depot.,16/11/1918
21/11/1918,CAPTAINS J.O.BAKER taken on the strength from C.A.M.C.R. & T.Depot.,20/11/1918
21/11/1918,CAPTAINS G.F.FENWICK taken on the strength from CAN.Spel.Hosp. Etchinghill.,16/11/1918
21/11/1918,NURSING SISTER M.B.McKinnon taken on the strength from Westcliffe Eye & Ear Hospital.,01/11/1918
21/11/1918,CAPTAIN G.G.MOFFAT struck off the strength to Can Red Cross Hosp. Bushey Park.,20/11/1918
21/11/1918,CAPTAIN C.P.FENWICK struck off the strength to No.13 C.G.M.,21/11/1918
21/11/1918,One Other Rank taken on the strength from C.A.M.C. Casualty Coy.,19/11/1918
21/11/1918,One Other Rank taken on the strength from C.A.M.C.R. & T.Depot.,21/11/1918
21/11/1918,Twenty One Other Ranks struck off the strength C.A.M.C. Casualty Coy.and attached for Regimental Employ.,18/11/1918
21/11/1918,Two Other Ranks struck off the strength to C.A.M.C. Casualty Coy.,16/11/1918
21/11/1918,One V.A.D.attached for duty from V.A.D.Headquarters.,11/11/1918
21/11/1918,One V.A.D.attached for duty from V.A.D.Headquarters.,18/11/1918
28/11/1918,NURSING SISTER R.R.GRAHAM taken on the strength from C.A.M.C. Casualty Coy.,21/11/1918
28/11/1918,NURSING SISTERS E.A.BENNET M.S.P.ELLIS A.R.R.C. C.R.PELL and A.M.POWERS stuck off the strength to C.A.M.C. Casualty Coy.,26/11/1918
28/11/1918,One Other Rank taken on the strength from C.A.M.C.R. & T.Depot.,23/11/1918
28/11/1918,Twenty Other Ranks taken on the strength from C.A.M.C.R. & T.Depot.,27/11/1918
28/11/1918,One Other Rank struck off the strength to C.A.M.C. Casualty Coy.,25/11/1918
28/11/1918,One Other Rank struck off the strength to C.A.M.C. Casualty Coy.,27/11/1918
28/11/1918,One Other Rank struck off the strength to C.A.M.C. Casualty Coy.,14/11/1918
28/11/1918,One Other Rank struck off the strength to C.A.M.C. Casualty Coy.,25/11/1918
28/11/1918,Three Other Ranks struck off the strength to C.A.M.C. Casualty Coy.,28/11/1918
28/11/1918,Three Other Ranks cease to be attached on return to C.A.M.C. Casualty coy for return to Canada.,28/11/1918
30/11/1918,NURSING SISTER S.J.ROBLEY ARRC struck off the strength to Canadian. Red Cross Hospital.,28/11/1918
30/11/1918,Lieut.Gen.Sir R.E.W.Turner V.C.K.C.M.G. C.B. D.S.O. visited the Hospital.,19/11/1918
07/12/1918,CAPTAIN W.F.COY struck off the strength to C.A.M.C. Casualty Coy.,01/12/1918
07/12/1918,One Other Rank taken on the strength from C.A.M.C. Casualty Coy.,06/12/1918
07/12/1918,Two Other Ranks struck off the strength to C.A.M.C. Casualty Coy.,07/12/1918
14/12/1918,CAPTAIN A.H.WALLACE struck off the strength to C.A.M.C. Casualty Coy.,09/12/1918
14/12/1918,NURSING SISTERS A.G.LUKE K.B.BIGGER and J.S.LITTLE struck off the strength to Canadian Special Hospital in Lenham.,07/12/1918
14/12/1918,One Other Rank taken on the strength from C.A.M.C.Res.& Tng.Depot.,10/12/1918
14/12/1918,Twenty Other Ranks taken on the strength from C.A.M.C.res.& Tng.Depot.,11/12/1918
14/12/1918,One Other Rank struck off the strength to C.A.M.C. Casualty Coy.,08/12/1918
14/12/1918,One Other Rank struck off the strength to C.A.M.C. Casualty Coy.,10/12/1918
14/12/1918,One Other Rank struck off the strength to C.A.M.C. Casualty. Coy.,11/12/1918
14/12/1918,Twenty Other Ranks struck off the strength to C.A.M.C. Casualty. Coy.,12/12/1918
21/12/1918,CAPTAIN & Q M.E.J.THURGAR taken on the strength from C.A.M.C. Casualty. Coy.,18/12/1918
21/12/1918,NURSING SISTER E.BRADLEY taken on the strength from No.5 C.G.H.,20/12/1918
21/12/1918,CAPTAIN & Q M.WALLACE J.M.Struck off the strength to No.11. C.G.H.,19/12/1918
21/12/1918,NURSING SISTER B.A.FRY struck off the strength to CAN.Red.Cross Hosp.Bushey Park.,16/12/1918
21/12/1918,NURSING SISTERS A.C.C.DeWOLFE M.C.McCARTHY L.J.FIFE D.D.MORRISON and E.WALSH struck off the strength to No.9 C.G.H.,17/12/1918
21/12/1918,Five Other Ranks struck off the strength to C.A.M.C. Casualty Coy.,20/12/1918
28/12/1918,NURSING SISTER V.WALKER taken on the strength from No.19 C.G.H.,24/12/1918
28/12/1918,MAJOR J.C.FYSHE struck off the strength to C.A.M.C. Casualty Coy.,28/12/1918
28/12/1918,NURSING SISTERG.H.GILLEAN struck off the strength to C.A.M.C.Tng.Depot.,14/12/1918
28/12/1918,NURSING SISTER H.C.Claxton struck off the strengtht o No.10 C.G.H.,19/12/1918
28/12/1918,One Other Rank struck off the strength to C.A.M.C. Casualty. Coy.,26/12/1918
7/2/1919,LT.E.E.ROGERS taken on strength from P.P.C.R.C. Hospital in Bexhill.,30/1/1919
7/2/1919,MAJOR F.H.MAYHOOD taken on strength from No.13 C.G.H.Hastings.,1/2/1919
7/2/1919,NURSING SISTER F.M.A.KELLY taken on strength from C.A.M.C.Coy.Coy.,3/2/1919
7/2/1919,NURSING SISTER S.ROWLANDSON taken on strength from C.A.M.C. Casualty. Coy.,4/2/1919
7/2/1919,NURSING SISTERS I.G.FARGEY and L.N.GRAY struck off strength to C.A.M.C. Casualty. Coy.on proceeding on transport duty.,6/2/1919
7/2/1919,One Other Rank taken on strength from C.A.M.C.R.& T.Depot.,24/1/1919
7/2/1919,One Other Rank taken on strength from C.A.M.C.R.& T.Depot.,27/1/1919
7/2/1919,One Other Rank taken struck off strength to C.A.M.C. Casualty. Coy.,31/1/1919
14/2/1919,CAPTAIN B.M.BAYLY taken on strength from No.13 C.G.H.Hastings.,4/2/1919
14/2/1919,NURSING SISTER M.M.K.Timlic k taken on strength from Granville Special Hospital.,10/2/1919
14/2/1919,CAPTAIN O.K.FARLEY struck off strength on dismissal from Service.,3/2/1919
14/2/1919,NURSING SISTER K.deBELLEFEUILLE ARRC. struck off strength on being invalided to Canada.,11/2/1919
14/2/1919,MAJOR W.G.LYALL attached from No.13 C.G.H.Hastings.,10/2/1919
14/2/1919,One Other Rank struck off strength to C.A.M.C.R.& T.Depot.,10/2/1919
14/2/1919,Two Other Ranks attached from C.A.M.C.R.& T.Depot.,10/2/1919
14/2/1919,One Other Rank ceases to be attached on return to B.C.R.D. Seaford.,26/1/1919
21/2/1919,CAPTAIN G.B.FERGUSON taken on strength from No.13 C.G.H.Hastings.,15/2/1919
21/2/1919,NURSING SISTER R.M.QUINN taken on strength from No.4.C.G.H.,7/2/1919
21/2/1919,NURSING SISTER I.V.RAMSAY taken on strength from C.A.M.C. Casualty. Coy.,19/2/1919
21/2/1919,NURSING SISTER H.D.SHEARER taken on strength from Canadian.Conval.Hosp.,10/2/1919
21/2/1919,NURSING SISTERS E.ELLIOT K.HANNA S.HAINES A.L.JACK M.L.NO DWELL K.WEEGAR taken on strength from No.10 Canadian.Gen.Hosp in Brighton.,6/2/1919
21/2/1919,NURSING SISTER G.J.CONNER struck off strength to C.A.M.C. Casualty. Coy.,20/2/1919
21/2/1919,MAJOR W.G.LYALL ceases to be attached from No.13 C.G.H.,12/2/1919
21/2/1919,Thirty Other Ranks taken on strength from C.A.M.C.R.& T.Dapot.,5/2/1919
21/2/1919,Three Other Ranks struck off strength to C.A.M.C. Casualty. Coy. as 21 days casualties.,19/2/1919
28/2/1919,CAPTAIN J.T.O'CONNELL taken on strength from C.A.M.C.R.& T.Depot.,26/2/1919
28/2/1919,HON.CAPTAIN & Q M.DRUMMOND W.taken on strength from C.A.M.C.cas.Coy.,25/2/1919
28/2/1919,NURSING SISTERS M.MacLEOD and D.O.TOUT taken on strenght from No.11 C.G.H.,7/2/1919
28/2/1919,NURSING SISTERS M.A.CUMMINGS L.LYNCH and M.H.McGILL taken on strength from C.A.M.C. Casualty.Coy.,27/2/1919
28/2/1919,HON.CAPTAIN and Q.M.THIRGAR E.J.struck off strength to C.A.M.C. Casualty. Coy.,24/2/1919
28/2/1919,NURSING SISTER S.RAWLINSON struck off strength to C.A.M.C. Casualty. Coy.,27/2/1919
28/2/1919,NURSING SISTER M.MacLEOD Struck off strength to C.A.M.C. Casualty. Coy.,14/2/1919
28/2/1919,NURSING SISTER D.M.MOLE struck off strength to No.9 C.G.H. Rhyl.,26/2/1919
28/2/1919,NURSING SISTER R.R.GRAHAM struck off strength to CAN.RED.CROSS HOSP. Bushey Park.,21/2/1919
28/2/1919,CAPTAIN A.R.PERRY Struck off strength on transfer to C.E.F.in Canada.,31/12/1918
28/2/1919,MAJOR F.H.MAYHOOD struck off strength on transfer to C.E.F.in Canada.,21/2/1919
28/2/1919,HON.CAPTAIN & R.C.CHAPLAIN attached from HQ.Chaplain Services.,25/2/1919
28/2/1919,TEMP.Q M.& HON.LT.G.A.J.BELL promoted to be Temp.Q M. & HON.CAPTAIN.,19/2/1919.
28/2/1919,Two Other Ranks struck off ten strength to C.A.M.C. Casualty. Coy.,27/2/1919
28/2/1919,Seventeen Other Ranks cease to be attached from C.A.M.C. Casualty. Coy. and are attached from C.A.M.C.R.& T.Depot.,15/2/1919